time,motor_angle,motor_setpoint,pendulum_angle,pendulum_setpoint,rpm,voltage,current,e_speed,e_angle,setSpeed,setAngle
1.342,0.0,0,0.0,0,0,0,0,0.0,0.0,1999.9999999999998,90.0
2.547,0.0,90.0,0.0,0,0,0,0,40365.29748140202,0.0,1999.9999999999998,90.0
2.553,0.0,90.0,0.0,0,0,14.99460666080417,0,-839258.5897059154,291818.3893054291,1999.9999999999998,90.0
2.562,0.0,90.0,0.0,0,0,20,0,-1904114.354040871,129856.00115670104,1999.9999999999998,90.0
2.568,3.86,90.0,0.0,0,172,20,383,-2194633.0580580817,-20791.12291866695,1999.9999999999998,90.0
2.573,17.92,90.0,0.0,0,393,20,371,-1861681.9155006625,-94217.07769180543,1999.9999999999998,90.0
2.585,35.68,90.0,0.0,0,557,20,374,-1233576.3624645136,-132455.30223364625,1999.9999999999998,90.0
2.589,62.92,90.0,0.0,0,724,20,331,-258046.98593058297,-125995.80426225843,1999.9999999999998,90.0
2.597,112.67,90.0,0.0,0,939,19.73095773720231,304,105824.15279967271,-96959.25696543601,1999.9999999999998,90.0
2.603,141.15,90.0,0.0,0,1047,16.125762729574465,291,469978.9940818873,-52196.97305701766,1999.9999999999998,90.0
2.609,187.2,90.0,0.0,0,1191,11.037255574328462,274,653698.1825424392,920.9238311665903,1999.9999999999998,90.0
2.615,255.23,90.0,0.0,0,1353,8.333884706164248,265,604678.282137624,15599.886367131177,1999.9999999999998,90.0
2.622,286.34,90.0,0.0,0,1383,4.5400397602020135,133,465218.66773252573,34088.87417263609,1999.9999999999998,90.0
2.63,344.35,90.0,0.0,0,1423,-0.27232456173910435,50,271072.4748196647,39162.42011513055,1999.9999999999998,90.0
2.635,403.24,90.0,0.0,0,1411,-1.8289550788424123,35,86381.99168678177,34191.99292298242,1999.9999999999998,90.0
2.645,458.61,90.0,0.0,0,1332,-4.346748641364307,165,-64000.260349771626,23127.455118864076,1999.9999999999998,90.0
2.654,513.63,90.0,0.0,0,1227,-6.066842570658682,193,-182587.52199046395,5227.212725546528,1999.9999999999998,90.0
2.658,582.71,90.0,0.0,0,1049,-6.741332708820519,240,-176545.54137384487,-5112.988746265011,1999.9999999999998,90.0
2.663,625.95,90.0,0.0,0,900,-6.879671516709649,272,-148443.4233603716,-8142.657986992056,1999.9999999999998,90.0
2.667,647.75,90.0,0.0,0,816,-5.999435264117647,281,-113729.14404973447,-9728.629861738516,1999.9999999999998,90.0
2.672,668.49,90.0,0.0,0,730,-4.948172369936859,274,-86999.74376471867,-9898.643545315497,1999.9999999999998,90.0
2.68,682.38,90.0,0.0,0,673,-4.354323553027179,242,-36988.26357761446,-9111.98037167046,1999.9999999999998,90.0
2.688,706.64,90.0,0.0,0,578,-3.9616125736485337,201,11803.447949657877,-6203.90645115117,1999.9999999999998,90.0
2.695,731.07,90.0,0.0,0,475,-3.995194409059369,171,39556.91539007041,-2515.2293380919104,1999.9999999999998,90.0
2.699,750.41,90.0,0.0,0,391,-3.66228401754735,149,47038.81561637206,496.8907234973588,1999.9999999999998,90.0
2.703,765.17,90.0,0.0,0,321,-3.1701506889772446,142,43906.028021308455,1717.1405874966977,1999.9999999999998,90.0
2.707,772.73,90.0,0.0,0,283,-2.6270559167987315,127,38865.897757678074,2463.2459279254936,1999.9999999999998,90.0
2.713,778.35,90.0,0.0,0,256,-2.163983889351062,109,31754.26067878209,3004.9991702334064,1999.9999999999998,90.0
2.721,784.33,90.0,0.0,0,224,-2.1072007475113104,90,18755.145751006934,3385.9213127995276,1999.9999999999998,90.0
2.728,792.77,90.0,0.0,0,186,-2.4505430843217795,73,5689.459602104191,3062.4543882419107,1999.9999999999998,90.0
2.733,799.8,90.0,0.0,0,152,-2.739523489787171,66,-3343.6270777179507,2395.107993982718,1999.9999999999998,90.0
2.743,804.9,90.0,0.0,0,117,-2.9374637500076517,72,-8508.531291404463,1683.6419114475093,1999.9999999999998,90.0
2.749,808.41,90.0,0.0,0,84,-3.137947346549222,76,-11816.049702904174,680.3120460881905,1999.9999999999998,90.0
2.757,811.4,90.0,0.0,0,44,-3.618876251400728,75,-9906.72806493378,266.42047798306004,1999.9999999999998,90.0
2.761,811.58,90.0,0.0,0,-22,-3.7947123910178817,76,-6390.222572057424,78.19097201772558,1999.9999999999998,90.0
2.769,810.17,90.0,0.0,0,-38,-3.8978396309965433,85,-3217.773239363394,115.5033983043989,1999.9999999999998,90.0
2.776,807.71,90.0,0.0,0,-83,-3.357759845703278,85,-676.8572726726157,245.39309225224534,1999.9999999999998,90.0
2.781,804.02,90.0,0.0,0,-117,-3.60407861175198,85,2192.38653651178,511.7224527077773,1999.9999999999998,90.0
2.786,796.28,90.0,0.0,0,-162,-3.6336167946775824,69,2701.4881440226104,646.7165904654098,1999.9999999999998,90.0
2.791,791.71,90.0,0.0,0,-183,-3.375294343317094,69,2810.407694253666,748.6390672823646,1999.9999999999998,90.0
2.799,786.97,90.0,0.0,0,-200,-2.7790925530292974,67,2612.6852579678607,856.519516849637,1999.9999999999998,90.0
2.808,779.76,90.0,0.0,0,-223,-2.8261667244150015,57,1921.8296852133967,938.4378536860494,1999.9999999999998,90.0
2.816,769.57,90.0,0.0,0,-245,-3.088929618674401,37,679.6722010482703,955.8001651335991,1999.9999999999998,90.0
2.823,755.33,90.0,0.0,0,-268,-3.3700284302291177,39,-322.897998307915,898.4059997719766,1999.9999999999998,90.0
2.83,741.97,90.0,0.0,0,-290,-3.451219528530629,41,-961.1769756269201,816.2445554101737,1999.9999999999998,90.0
2.834,727.73,90.0,0.0,0,-314,-3.3705701916080635,46,-1185.5865081025759,741.942317333753,1999.9999999999998,90.0
2.84,713.6700000000001,90.0,0.0,0,-340,-3.272483186206115,45,-1155.8805409561012,714.0733026038116,1999.9999999999998,90.0
2.847,706.28,90.0,0.0,0,-348,-2.774574111213097,42,-1047.0601128760306,667.8123414633101,1999.9999999999998,90.0
2.851,692.05,90.0,0.0,0,-369,-2.51074429072254,36,-810.47778649363,641.8303630672707,1999.9999999999998,90.0
2.855,677.28,90.0,0.0,0,-375,-2.7282896950077014,21,-650.696140548064,634.4127969683904,1999.9999999999998,90.0
2.863,667.96,90.0,0.0,0,-382,-2.3154401992303235,13,-486.0637115034506,627.7225734774412,1999.9999999999998,90.0
2.867,656.01,90.0,0.0,0,-388,-2.222953224928993,19,-297.3539599497809,624.4254891224632,1999.9999999999998,90.0
2.872,639.49,90.0,0.0,0,-393,-2.4045714378896825,8,-236.91560822867024,624.8665773695069,1999.9999999999998,90.0
2.88,631.9300000000001,90.0,0.0,0,-395,-2.2243178490005313,6,-181.66009851802474,621.1695946850826,1999.9999999999998,90.0
2.886,615.41,90.0,0.0,0,-397,-2.2093734140799626,10,-154.74747616224317,618.3558903307588,1999.9999999999998,90.0
2.892,599.94,90.0,0.0,0,-399,-2.448550454075452,6,-181.71759871454302,611.0910204667977,1999.9999999999998,90.0
2.9,584.29,90.0,0.0,0,-402,-2.4342502104904353,5,-233.21210342067945,600.007215066639,1999.9999999999998,90.0
2.905,569.0,90.0,0.0,0,-406,-2.4144092037894174,9,-296.24304120401376,584.7552058401102,1999.9999999999998,90.0
2.913,553.1800000000001,90.0,0.0,0,-408,-2.373102170029897,9,-345.4329279064103,568.5893614049228,1999.9999999999998,90.0
2.917,538.59,90.0,0.0,0,-412,-2.2735421883776397,8,-400.7025892466877,545.5632901851545,1999.9999999999998,90.0
2.924,519.6,90.0,0.0,0,-415,-2.2918595335450744,7,-405.410350881551,531.9953639953068,1999.9999999999998,90.0
2.928,507.65,90.0,0.0,0,-418,-2.1182421357760974,6,-427.3834427608051,512.1065257979795,1999.9999999999998,90.0
2.937,492.01,90.0,0.0,0,-420,-1.913839569068382,6,-420.0895030281358,500.0643878866316,1999.9999999999998,90.0
2.941,481.11,90.0,0.0,0,-421,-1.777938534220775,3,-424.0790815633244,474.67989240801387,1999.9999999999998,90.0
2.945,459.84000000000003,90.0,0.0,0,-421,-1.7800713673863466,0,-387.79877833736265,464.91518297256596,1999.9999999999998,90.0
2.951,448.59000000000003,90.0,0.0,0,-420,-1.7073780633417597,0,-381.1094230571551,453.7735178208175,1999.9999999999998,90.0
2.959,437.87,90.0,0.0,0,-419,-1.3383668477940907,0,-373.2078107214314,439.48588841222625,1999.9999999999998,90.0
2.967,423.98,90.0,0.0,0,-417,-1.3173848020114152,1,-349.7261828514525,421.98477277623044,1999.9999999999998,90.0
2.974,405.17,90.0,0.0,0,-414,-1.3982855404675956,8,-308.07377766260186,404.01660032776283,1999.9999999999998,90.0
2.981,382.85,90.0,0.0,0,-407,-1.4685970692171333,8,-281.80189038106744,391.1941817798716,1999.9999999999998,90.0
2.99,365.27,90.0,0.0,0,-403,-1.3162107352874224,6,-297.01479587842715,373.4820636575465,1999.9999999999998,90.0
2.994,345.93,90.0,0.0,0,-400,-1.1482971425630568,4,-304.65056275031156,358.42277124942433,1999.9999999999998,90.0
3.0,330.29,90.0,0.0,0,-395,-0.9842769465004055,7,-316.2117209863917,347.3955649892001,1999.9999999999998,90.0
3.007,320.09,90.0,0.0,0,-392,-0.654898882207851,10,-355.18329678897487,324.18068934845695,1999.9999999999998,90.0
3.016,301.64,90.0,0.0,0,-384,-0.5726259614532638,12,-333.39094125145624,308.24056794640234,1999.9999999999998,90.0
3.023,286.52,90.0,0.0,0,-376,-0.5560762603513492,15,-320.134531079115,289.87084010164716,1999.9999999999998,90.0
3.027,269.29,90.0,0.0,0,-367,-0.40979091446917204,15,-296.17215679266536,275.4739437669745,1999.9999999999998,90.0
3.033,254.53,90.0,0.0,0,-361,-0.315470488613405,16,-288.7737026285172,267.37087457047437,1999.9999999999998,90.0
3.039,246.44,90.0,0.0,0,-355,-0.09015014964234369,15,-300.7910254320062,249.12410848353142,1999.9999999999998,90.0
3.044,230.97,90.0,0.0,0,-347,0.04759035733257577,15,-275.2980253306997,237.54653912951764,1999.9999999999998,90.0
3.053,219.19,90.0,0.0,0,-335,0.039890479550216185,27,-262.1694998980276,223.96567194350314,1999.9999999999998,90.0
3.059,206.19,90.0,0.0,0,-316,0.19860041088194014,37,-244.05457170511536,211.71598817576879,1999.9999999999998,90.0
3.066,194.06,90.0,0.0,0,-299,0.1986733110972923,35,-232.45861010672456,200.25685821593396,1999.9999999999998,90.0
3.072,182.98,90.0,0.0,0,-281,0.12680737788582835,33,-225.0690358078532,188.2759327053454,1999.9999999999998,90.0
3.081,172.08,90.0,0.0,0,-264,0.07040995098416442,31,-216.32477969589894,176.59812382208432,1999.9999999999998,90.0
3.088,161.36,90.0,0.0,0,-248,-0.024535693950143517,29,-205.44027854782416,163.79984561443084,1999.9999999999998,90.0
3.093,149.76,90.0,0.0,0,-230,-0.1097805701840185,26,-190.94598227079138,154.73991494098402,1999.9999999999998,90.0
3.1,140.8,90.0,0.0,0,-221,-0.15529013117662221,17,-188.6089441425734,146.25971950332203,1999.9999999999998,90.0
3.105,133.24,90.0,0.0,0,-213,-0.19481571677426177,13,-187.3674505613359,135.6535121198613,1999.9999999999998,90.0
3.113,123.92,90.0,0.0,0,-209,-0.1543806940200363,8,-176.59793726925207,128.6778708031209,1999.9999999999998,90.0
3.117,117.24,90.0,0.0,0,-205,-0.1171865639943952,8,-171.678985714646,120.08121849252208,1999.9999999999998,90.0
3.121,109.51,90.0,0.0,0,-201,0.04009400711828626,8,-163.2101512973157,114.95237131585638,1999.9999999999998,90.0
3.129,104.41,90.0,0.0,0,-195,0.138647825598407,12,-160.77440783301512,109.9682852948341,1999.9999999999998,90.0
3.134,99.84,90.0,0.0,0,-191,0.2717898828649747,22,-155.71982292940677,98.42091138689224,1999.9999999999998,90.0
3.143,90.17,90.0,0.0,0,-176,0.29094454725704566,20,-133.45578276730663,94.27291753851355,1999.9999999999998,90.0
3.15,85.25,90.0,0.0,0,-167,0.34092246177079144,22,-124.81799748385025,85.20296499078269,1999.9999999999998,90.0
3.154,76.99,90.0,0.0,0,-152,0.34794534736924154,21,-104.12865140538501,80.31772127096158,1999.9999999999998,90.0
3.16,71.36,90.0,0.0,0,-139,0.3323422301195722,21,-101.04691163455779,77.08807066243408,1999.9999999999998,90.0
3.167,68.2,90.0,0.0,0,-133,0.3078410867719293,20,-107.59774640551602,68.61470793528927,1999.9999999999998,90.0
3.175,61.52,90.0,0.0,0,-118,0.2613303488219919,19,-95.48535179324203,65.23724835363548,1999.9999999999998,90.0
3.179,58.18,90.0,0.0,0,-110,0.25986991882517485,17,-94.12798798612356,59.55798032403494,1999.9999999999998,90.0
3.182,53.61,90.0,0.0,0,-102,0.21283646212068139,14,-87.83406121790955,56.71416598113233,1999.9999999999998,90.0
3.186,51.15,90.0,0.0,0,-95,0.18597611005134895,13,-86.80145782096662,54.53796682923346,1999.9999999999998,90.0
3.191,49.39,90.0,0.0,0,-93,0.18891190115257658,11,-86.44520432428536,51.61277680935455,1999.9999999999998,90.0
3.195,47.28,90.0,0.0,0,-90,0.15742250855304862,9,-82.04074071432356,48.18461489698908,1999.9999999999998,90.0
3.199,44.47,90.0,0.0,0,-85,0.20057113013023647,8,-76.63431697705924,46.292968021424855,1999.9999999999998,90.0
3.205,42.89,90.0,0.0,0,-81,0.22714326363374782,8,-72.36357479283406,43.80338194180637,1999.9999999999998,90.0
3.211,40.78,90.0,0.0,0,-79,0.24550461389430708,9,-64.08017642594783,40.986891912785914,1999.9999999999998,90.0
3.215,38.14,90.0,0.0,0,-73,0.2572537325862528,11,-52.07266890095694,38.386762809027026,1999.9999999999998,90.0
3.219,35.5,90.0,0.0,0,-66,0.32504576847505956,11,-46.5424952974637,37.23189681094826,1999.9999999999998,90.0
3.224,34.1,90.0,0.0,0,-63,0.31936342126346434,9,-44.161240331560165,35.6505995140637,1999.9999999999998,90.0
3.231,32.69,90.0,0.0,0,-59,0.30212572072897403,12,-39.69853444005364,33.404624181907636,1999.9999999999998,90.0
3.237,30.58,90.0,0.0,0,-52,0.3369423494159802,11,-32.62353059688433,31.6638771295328,1999.9999999999998,90.0
3.245,28.82,90.0,0.0,0,-48,0.3554694534358239,9,-28.225249142101514,30.158309576064035,1999.9999999999998,90.0
3.248,27.42,90.0,0.0,0,-43,0.33987433620347945,10,-23.729936055437786,28.35250659440196,1999.9999999999998,90.0
3.252,25.83,90.0,0.0,0,-34,0.3798857679526888,9,-21.066730110315362,27.62849955514657,1999.9999999999998,90.0
3.256,25.13,90.0,0.0,0,-31,0.3635183611098661,9,-21.01136160154633,26.747810776036,1999.9999999999998,90.0
3.261,24.43,90.0,0.0,0,-28,0.2851684509660478,9,-20.454678085135395,25.783382628651477,1999.9999999999998,90.0
3.265,23.9,90.0,0.0,0,-27,0.2910470231039083,9,-19.1661041416228,24.863002204820436,1999.9999999999998,90.0
3.27,23.37,90.0,0.0,0,-24,0.29907080858025975,6,-16.931452646091337,24.169223760078662,1999.9999999999998,90.0
3.277,22.85,90.0,0.0,0,-20,0.3327202086457233,7,-13.518430012369812,23.363276619513336,1999.9999999999998,90.0
3.281,22.32,90.0,0.0,0,-15,0.34476380850478067,6,-8.41479212209046,22.60011660993227,1999.9999999999998,90.0
3.286,21.97,90.0,0.0,0,-15,0.3528810789099091,7,-5.723739966366172,22.342646583526538,1999.9999999999998,90.0
3.293,21.79,90.0,0.0,0,-10,0.31682046533869096,6,-1.467399439020411,22.015634774700192,1999.9999999999998,90.0
3.297,21.62,90.0,0.0,0,-7,0.3800672684145939,6,2.869342044102154,21.874837745263854,1999.9999999999998,90.0
3.302,21.62,90.0,0.0,0,-7,0.3575262575507312,6,5.80176908473844,21.88333628151757,1999.9999999999998,90.0
3.307,21.79,90.0,0.0,0,7,0.3570272881266511,6,8.403253178034971,21.96227051859449,1999.9999999999998,90.0
3.313,21.79,90.0,0.0,0,6,0.39649569521837946,5,9.266915695538724,22.15695263283264,1999.9999999999998,90.0
3.318,21.97,90.0,0.0,0,5,0.19649939892911672,5,10.636477354639156,22.36549258672801,1999.9999999999998,90.0
3.325,22.32,90.0,0.0,0,5,0.27245112397054894,6,12.534197125778535,22.597907246203846,1999.9999999999998,90.0
3.33,22.67,90.0,0.0,0,5,0.33937177513068084,1,16.401326925940012,23.053258488703765,1999.9999999999998,90.0
3.334,23.2,90.0,0.0,0,8,0.4024120309360478,3,17.814721801814393,23.311847548917942,1999.9999999999998,90.0
3.339,23.37,90.0,0.0,0,8,0.42466759750602123,5,19.769706896908396,23.724071638265986,1999.9999999999998,90.0
3.342,23.73,90.0,0.0,0,10,0.3962844877766818,6,21.4970220217519,24.163981162065593,1999.9999999999998,90.0
3.346,24.08,90.0,0.0,0,10,0.4331130226892791,6,22.339432531765915,24.486649071440475,1999.9999999999998,90.0
3.351,24.43,90.0,0.0,0,13,0.4174460690279971,5,23.789921030432847,24.96217927473632,1999.9999999999998,90.0
3.354,24.96,90.0,0.0,0,16,0.44725364554157565,7,24.745733938908767,25.500859359915406,1999.9999999999998,90.0
3.358,25.48,90.0,0.0,0,16,0.4299806327045419,6,25.077527444289252,25.90479038031156,1999.9999999999998,90.0
3.362,25.83,90.0,0.0,0,19,0.39502362355533527,6,25.870767861013842,26.397368896792244,1999.9999999999998,90.0
3.368,26.36,90.0,0.0,0,21,0.4157964009994386,5,26.04776504587909,26.870574453970196,1999.9999999999998,90.0
3.372,26.89,90.0,0.0,0,21,0.3891121811135463,4,26.40166209244612,27.52866046779059,1999.9999999999998,90.0
3.379,27.77,90.0,0.0,0,24,0.3860931817652018,5,26.58168024284403,28.057879688767652,1999.9999999999998,90.0
3.384,28.47,90.0,0.0,0,26,0.4099347211473088,4,27.863536116750232,28.99651067093591,1999.9999999999998,90.0
3.391,29.53,90.0,0.0,0,27,0.390672189841075,4,28.080903205641903,29.857566177017308,1999.9999999999998,90.0
3.397,30.58,90.0,0.0,0,29,0.39089856156108005,5,29.136545889628902,30.830853721784077,1999.9999999999998,90.0
3.403,31.81,90.0,0.0,0,30,0.39903192342055815,4,29.83970029560492,31.64942469643123,1999.9999999999998,90.0
3.407,32.87,90.0,0.0,0,32,0.37767158640121656,4,32.22263797185832,32.89429364470437,1999.9999999999998,90.0
3.412,34.27,90.0,0.0,0,33,0.37942259865978367,3,32.80634663156308,33.68605257210195,1999.9999999999998,90.0
3.417,34.98,90.0,0.0,0,34,0.3482953289875126,3,34.544459692819096,34.641921224766,1999.9999999999998,90.0
3.424,35.85,90.0,0.0,0,34,0.32415751820321015,3,36.04339558655618,35.938440276287274,1999.9999999999998,90.0
3.43,37.08,90.0,0.0,0,35,0.33048502441534855,2,36.44936560286992,37.44221032675557,1999.9999999999998,90.0
3.437,38.67,90.0,0.0,0,36,0.35967322101214716,2,35.723550158182015,38.55274077832586,1999.9999999999998,90.0
3.44,39.9,90.0,0.0,0,36,0.3497621847982417,2,36.58210689500671,40.03862034585921,1999.9999999999998,90.0
3.446,41.48,90.0,0.0,0,37,0.3362294540822508,2,36.38794729777738,40.780959297472506,1999.9999999999998,90.0
3.449,42.18,90.0,0.0,0,37,0.32668186243259867,2,38.30339248433889,42.140595181917014,1999.9999999999998,90.0
3.453,43.41,90.0,0.0,0,38,0.3008523899795885,2,38.173845214120114,42.860448055506325,1999.9999999999998,90.0
3.457,44.12,90.0,0.0,0,38,0.30201007008485803,2,39.002600352603324,43.962977775792574,1999.9999999999998,90.0
3.461,45.17,90.0,0.0,0,38,0.2779268544240052,1,38.893724879624806,44.996920571374595,1999.9999999999998,90.0
3.47,46.23,90.0,0.0,0,39,0.2852044709686723,1,38.871674100157264,46.322740141349875,1999.9999999999998,90.0
3.473,47.46,90.0,0.0,0,39,0.28987497108696836,1,37.7131428612231,47.94798715309624,1999.9999999999998,90.0
3.479,49.21,90.0,0.0,0,39,0.2865196830052963,1,36.432975771404614,48.58040666004524,1999.9999999999998,90.0
3.486,49.92,90.0,0.0,0,39,0.2715611016358337,1,37.81280892804927,50.121181885999206,1999.9999999999998,90.0
3.491,51.32,90.0,0.0,0,39,0.25714559390588043,1,36.137020611153496,51.77038840078369,1999.9999999999998,90.0
3.499,53.26,90.0,0.0,0,40,0.27998075258993405,1,34.47888746884366,52.64684402736131,1999.9999999999998,90.0
3.503,54.31,90.0,0.0,0,40,0.2661447173515681,0,36.04331304981893,54.49573783189711,1999.9999999999998,90.0
3.506,56.25,90.0,0.0,0,40,0.2339094172684808,1,34.86683829343659,55.30273284117226,1999.9999999999998,90.0
3.513,57.12,90.0,0.0,0,40,0.2243980350540733,1,35.6883910457103,56.08566953879746,1999.9999999999998,90.0
3.519,57.83,90.0,0.0,0,40,0.18475266198342677,0,38.31555930207193,58.235452055114536,1999.9999999999998,90.0
3.527,59.76,90.0,0.0,0,39,0.19593779108748377,0,34.94910092621519,59.59322057306012,1999.9999999999998,90.0
3.534,61.17,90.0,0.0,0,39,0.2056979753329835,1,33.97579468411837,61.26085314174113,1999.9999999999998,90.0
3.539,62.92,90.0,0.0,0,37,0.20145951101990134,0,32.09398197740606,62.57628755990667,1999.9999999999998,90.0
3.544,64.51,90.0,0.0,0,37,0.18903320121845013,0,32.12312503214622,63.53737666527109,1999.9999999999998,90.0
3.552,65.39,90.0,0.0,0,36,0.1921809031657773,0,34.475911476379274,65.37090814672875,1999.9999999999998,90.0
3.56,66.97,90.0,0.0,0,35,0.1740337210559999,1,32.98346360639326,66.71488314181387,1999.9999999999998,90.0
3.564,68.37,90.0,0.0,0,34,0.1889454604357006,1,32.43661194660344,68.27142083755308,1999.9999999999998,90.0
3.567,69.78,90.0,0.0,0,33,0.18587285584641577,1,31.666775408611308,69.1752693239641,1999.9999999999998,90.0
3.571,70.66,90.0,0.0,0,32,0.17804963555977604,1,31.97316209729363,69.85354973729888,1999.9999999999998,90.0
3.577,71.19,90.0,0.0,0,32,0.16487001142702296,1,32.87898457593307,70.84474875679747,1999.9999999999998,90.0
3.584,72.07,90.0,0.0,0,30,0.16886584605668453,1,32.53061157312909,72.19694643018683,1999.9999999999998,90.0
3.59,73.12,90.0,0.0,0,30,0.1703322556252278,1,30.724440031698308,73.51580038325721,1999.9999999999998,90.0
3.597,74.35,90.0,0.0,0,28,0.1979434457020317,1,28.401929728753437,74.42423518089869,1999.9999999999998,90.0
3.6,75.23,90.0,0.0,0,28,0.18226834152052218,1,27.44155191844748,75.48377924582559,1999.9999999999998,90.0
3.604,76.28,90.0,0.0,0,26,0.19667168644505217,0,26.520479676144845,75.98824496954342,1999.9999999999998,90.0
3.608,76.81,90.0,0.0,0,26,0.17937675946899878,1,26.86909175100769,76.71324044868855,1999.9999999999998,90.0
3.613,77.51,90.0,0.0,0,26,0.19271351745463594,0,26.647186950841885,77.53791766266535,1999.9999999999998,90.0
3.617,78.22,90.0,0.0,0,26,0.18711081145136932,1,26.051473234942446,78.2217914866027,1999.9999999999998,90.0
3.623,78.92,90.0,0.0,0,25,0.1753157626648636,0,25.539141790045694,78.78614093826624,1999.9999999999998,90.0
3.629,79.45,90.0,0.0,0,24,0.1616743612320568,1,25.290428815665773,79.90841480086961,1999.9999999999998,90.0
3.633,80.33,90.0,0.0,0,23,0.17026436946923207,1,23.402168336577446,80.58796659762709,1999.9999999999998,90.0
3.638,81.21,90.0,0.0,0,22,0.1808857750710411,1,22.7060898731451,81.02408598250412,1999.9999999999998,90.0
3.645,81.56,90.0,0.0,0,22,0.17859099260066902,1,23.094827327339303,81.88187528155773,1999.9999999999998,90.0
3.65,82.26,90.0,0.0,0,21,0.17867274308335146,1,21.553576360094258,82.66671639095755,1999.9999999999998,90.0
3.654,83.14,90.0,0.0,0,21,0.17671547424961576,0,20.43217549496404,83.14343483047666,1999.9999999999998,90.0
3.659,83.67,90.0,0.0,0,20,0.17956373348328558,1,20.272756212099033,83.62362802568431,1999.9999999999998,90.0
3.666,84.19,90.0,0.0,0,19,0.1591051748717729,0,20.34622241207277,84.50576969597724,1999.9999999999998,90.0
3.67,84.9,90.0,0.0,0,18,0.16793800274694037,1,19.448751214101136,85.01397122053913,1999.9999999999998,90.0
3.674,85.42,90.0,0.0,0,17,0.17482357383421254,1,19.21821384006066,85.550648593473,1999.9999999999998,90.0
3.678,85.95,90.0,0.0,0,17,0.17597571065068296,1,19.071586089743192,85.9380679209187,1999.9999999999998,90.0
3.682,86.3,90.0,0.0,0,16,0.18118793864148408,0,19.136674397057778,86.40719369633334,1999.9999999999998,90.0
3.687,86.66,90.0,0.0,0,16,0.16890591649294695,0,19.013684057799594,86.82688840607436,1999.9999999999998,90.0
3.692,87.01,90.0,0.0,0,15,0.17848426293345243,0,18.65108021737465,87.29395808621682,1999.9999999999998,90.0
3.698,87.36,90.0,0.0,0,15,0.17066443156656685,0,18.052209751817387,87.77101653319346,1999.9999999999998,90.0
3.703,87.71,90.0,0.0,0,14,0.18034363329479497,0,16.83505385371777,88.28870493995557,1999.9999999999998,90.0
3.707,88.24,90.0,0.0,0,13,0.17298987172422375,0,15.555313520582327,88.62918965868165,1999.9999999999998,90.0
3.711,88.59,90.0,0.0,0,13,0.18222573742802783,0,15.096069559021862,88.92865210418019,1999.9999999999998,90.0
3.717,88.94,90.0,0.0,0,12,0.1859318052535306,0,14.73169782252331,89.21561604979992,1999.9999999999998,90.0
3.724,89.12,90.0,0.0,0,12,0.17711817226536786,0,14.574511178911163,89.62857080117271,1999.9999999999998,90.0
3.731,89.47,90.0,0.0,0,10,0.18556572978486496,0,13.4469991982334,90.0127875276005,1999.9999999999998,90.0
3.735,90.0,90.0,0.0,0,10,0.18144653881413353,0,12.73292478719266,90.3295155079911,1999.9999999999998,90.0
3.739,90.35,90.0,0.0,0,9,0.20675405891614673,0,12.71016173757876,90.59559276196813,1999.9999999999998,90.0
3.744,90.52,90.0,0.0,0,9,0.19220434849969825,0,12.967775818252814,90.85991367146256,1999.9999999999998,90.0
3.75,90.7,90.0,0.0,0,9,0.19960463793965344,1,12.9268890044222,91.09756448022765,1999.9999999999998,90.0
3.757,91.05,90.0,0.0,0,8,0.1946404724103563,1,12.617227394320372,91.40355114289684,1999.9999999999998,90.0
3.764,91.23,90.0,0.0,0,8,0.18914760251590046,1,12.554101726210918,91.80452239585325,1999.9999999999998,90.0
3.768,91.58,90.0,0.0,0,8,0.1956876382335757,1,11.592667889399374,92.06972509190649,1999.9999999999998,90.0
3.772,91.93,90.0,0.0,0,8,0.18963608430396217,0,11.100403791006794,92.25911614312909,1999.9999999999998,90.0
3.776,92.1,90.0,0.0,0,8,0.17899373588677214,1,10.996565726916414,92.44322027607103,1999.9999999999998,90.0
3.782,92.28,90.0,0.0,0,8,0.1683371660734676,0,10.811648073205095,92.62740914352729,1999.9999999999998,90.0
3.789,92.46,90.0,0.0,0,7,0.16249168687384108,0,10.471316462685623,92.87930165794646,1999.9999999999998,90.0
3.792,92.81,90.0,0.0,0,7,0.15574572778745255,0,9.956126125456723,93.14791557273736,1999.9999999999998,90.0
3.799,92.98,90.0,0.0,0,7,0.16558722470489018,0,9.844778828339939,93.25920761893755,1999.9999999999998,90.0
3.805,93.16,90.0,0.0,0,6,0.1548820595235001,0,9.70212313125911,93.55339742453364,1999.9999999999998,90.0
3.809,93.33,90.0,0.0,0,6,0.1473523232012952,0,9.363812441857604,93.7444484706108,1999.9999999999998,90.0
3.814,93.33,90.0,0.0,0,6,0.15720687920023035,0,9.035509794742998,93.87048104284523,1999.9999999999998,90.0
3.822,93.51,90.0,0.0,0,6,0.1506779570402892,0,8.199199846242651,93.98817630045566,1999.9999999999998,90.0
3.825,93.51,90.0,0.0,0,5,0.1481542158105964,0,7.321828024090993,94.13640741015064,1999.9999999999998,90.0
3.831,93.69,90.0,0.0,0,3,0.13965779714963622,0,6.817057013164086,94.15580993864178,1999.9999999999998,90.0
3.838,93.69,90.0,0.0,0,3,0.15527001482808922,0,6.864392701885958,94.23105106224138,1999.9999999999998,90.0
3.842,93.69,90.0,0.0,0,2,0.18172579470471062,0,6.550998030017301,94.29027111706861,1999.9999999999998,90.0
3.847,93.69,90.0,0.0,0,2,0.17809972307533295,0,6.387665706640433,94.30228211863013,1999.9999999999998,90.0
3.85,93.69,90.0,0.0,0,2,0.19314095099526485,0,6.196574672042231,94.30677163787539,1999.9999999999998,90.0
3.854,93.69,90.0,0.0,0,2,0.1910533117168467,0,6.007496815481532,94.30551791596403,1999.9999999999998,90.0
3.858,93.69,90.0,0.0,0,2,0.1891200839854048,1,5.821343761356256,94.30030119348035,1999.9999999999998,90.0
3.863,93.69,90.0,0.0,0,1,0.1872127325821169,0,5.650756138015741,94.29237164112244,1999.9999999999998,90.0
3.87,93.69,90.0,0.0,0,1,0.18537369952185268,0,5.610917597605508,94.27734610723753,1999.9999999999998,90.0
3.874,93.69,90.0,0.0,0,1,0.19979631391451047,0,5.56948302640228,94.26285759940347,1999.9999999999998,90.0
3.88,93.69,90.0,0.0,0,1,0.19621776283169678,0,5.56243568893274,94.25678836897005,1999.9999999999998,90.0
3.886,93.69,90.0,0.0,0,1,0.1940514063120249,1,5.54003318995751,94.25087871591096,1999.9999999999998,90.0
3.891,93.86,90.0,0.0,0,1,0.19131190121548025,1,5.492481935682451,94.24536790232456,1999.9999999999998,90.0
3.896,93.86,90.0,0.0,0,1,0.18809598147908835,1,5.831418885828458,94.28688681170046,1999.9999999999998,90.0
3.903,93.86,90.0,0.0,0,1,0.18111511915182188,0,6.062695329368352,94.33788361822701,1999.9999999999998,90.0
3.907,93.86,90.0,0.0,0,1,0.178118235589515,0,6.061178402839126,94.38592267644567,1999.9999999999998,90.0
3.913,93.86,90.0,0.0,0,1,0.17463374023753575,0,5.93091837779534,94.40361574611721,1999.9999999999998,90.0
3.919,93.86,90.0,0.0,0,1,0.17249242247168528,0,5.661570015400528,94.41820429445958,1999.9999999999998,90.0
3.924,93.86,90.0,0.0,0,1,0.16942850019380717,0,5.292928900126306,94.41835077264577,1999.9999999999998,90.0
3.929,93.86,90.0,0.0,0,1,0.16601774742895614,0,5.053184064079615,94.40884683760653,1999.9999999999998,90.0
3.937,93.86,90.0,0.0,0,1,0.16372375847500287,0,4.77854007666515,94.3925996348209,1999.9999999999998,90.0
3.942,93.86,90.0,0.0,0,1,0.16090547617002837,0,4.399989349800551,94.36248238211402,1999.9999999999998,90.0
3.949,93.86,90.0,0.0,0,1,0.1566082945019298,0,4.247351874633226,94.34031379093273,1999.9999999999998,90.0
3.952,93.86,90.0,0.0,0,1,0.15377976665740523,0,4.113657408781388,94.31625488678405,1999.9999999999998,90.0
3.956,93.86,90.0,0.0,0,1,0.15035383531544388,0,4.084050057948417,94.30563210085921,1999.9999999999998,90.0
3.964,93.86,90.0,0.0,0,1,0.14851495069851817,0,4.024155147898182,94.28912833126891,1999.9999999999998,90.0
3.969,93.86,90.0,0.0,0,1,0.14514265032901363,0,3.99014443881803,94.27767966126304,1999.9999999999998,90.0
3.974,93.86,90.0,0.0,0,1,0.14203116850952258,0,3.9699507586982987,94.27073221787998,1999.9999999999998,90.0
3.981,93.86,90.0,0.0,0,1,0.13950646518349163,0,3.9400233143102907,94.26484645152986,1999.9999999999998,90.0
3.985,93.86,90.0,0.0,0,1,0.13681125584125375,0,3.8750520075525965,94.25834105498305,1999.9999999999998,90.0
3.99,93.86,90.0,0.0,0,1,0.13329020541606695,0,3.836478721093534,94.25441980551577,1999.9999999999998,90.0
3.997,93.86,90.0,0.0,0,1,0.1311552120573456,0,3.754202478946726,94.24860768081113,1999.9999999999998,90.0
4.001,93.86,90.0,0.0,0,1,0.12796771086415992,0,3.655654711578619,94.24180560749856,1999.9999999999998,90.0
4.006,93.86,90.0,0.0,0,0,0.12470950279926862,0,3.5799120693235937,94.23568343444197,1999.9999999999998,90.0
4.009,93.86,90.0,0.0,0,0,0.1221822697103856,0,3.6761538657153507,94.22974144607771,1999.9999999999998,90.0
4.017,93.86,90.0,0.0,0,0,0.13709269807712943,0,3.762185750870099,94.22770110609368,1999.9999999999998,90.0
4.025,93.86,90.0,0.0,0,0,0.13456672986967266,0,3.8263623622118166,94.22905040546063,1999.9999999999998,90.0
4.032,93.86,90.0,0.0,0,0,0.1311859547946148,0,3.806224146692469,94.23357758034452,1999.9999999999998,90.0
4.039,93.86,90.0,0.0,0,0,0.1265199337027334,0,3.740108540463574,94.23426878581928,1999.9999999999998,90.0
4.044,93.86,90.0,0.0,0,0,0.12342793105720107,0,3.600091748812204,94.23192247573105,1999.9999999999998,90.0
4.051,93.86,90.0,0.0,0,0,0.11953955906594249,0,3.4582124304610224,94.22550882930256,1999.9999999999998,90.0
4.056,93.86,90.0,0.0,0,0,0.116195592040377,0,3.3500894324082706,94.21822300177914,1999.9999999999998,90.0
4.064,93.86,90.0,0.0,0,0,0.11358171457382227,0,3.2107618032003904,94.20797333889672,1999.9999999999998,90.0
4.072,93.86,90.0,0.0,0,0,0.11035348419872415,0,3.0274533135105686,94.19321436783491,1999.9999999999998,90.0
4.079,93.86,90.0,0.0,0,0,0.10622604961797677,0,2.855837054935741,94.17621433692665,1999.9999999999998,90.0
4.084,93.86,90.0,0.0,0,0,0.1019300063431614,0,2.752637406185893,94.16260428040097,1999.9999999999998,90.0
4.089,93.86,90.0,0.0,0,0,0.09848383689838602,0,2.6981989281745404,94.15380007463723,1999.9999999999998,90.0
4.097,93.86,90.0,0.0,0,0,0.09600821097167911,0,2.623048171697882,94.14381383100537,1999.9999999999998,90.0
4.105,93.86,90.0,0.0,0,0,0.09285081395642925,0,2.499656525334134,94.13139768435346,1999.9999999999998,90.0
4.109,93.86,90.0,0.0,0,0,0.08852163078825592,0,2.4042005492829546,94.12099535268636,1999.9999999999998,90.0
4.112,93.86,90.0,0.0,0,0,0.08485916661965742,0,2.3572279518392922,94.11485946594172,1999.9999999999998,90.0
4.116,93.86,90.0,0.0,0,0,0.08260944851561014,0,2.3287146520942663,94.11100740695193,1999.9999999999998,90.0
4.121,93.86,90.0,0.0,0,0,0.08110196283226134,0,2.27480784266291,94.10539475522548,1999.9999999999998,90.0
4.125,93.86,90.0,0.0,0,0,0.07879810780318675,0,2.2066344332924386,94.09916448776289,1999.9999999999998,90.0
4.135,93.86,90.0,0.0,0,0,0.0762048479038735,0,2.127696194909398,94.09239332113238,1999.9999999999998,90.0
4.142,93.86,90.0,0.0,0,0,0.07345158050418865,0,1.9464220052441863,94.08021643126995,1999.9999999999998,90.0
4.149,93.86,90.0,0.0,0,0,0.06872433915129506,0,1.8229415531458966,94.06847138173877,1999.9999999999998,90.0
4.159,93.86,90.0,0.0,0,0,0.06508831100449708,0,1.6527573733948537,94.0531556023486,1999.9999999999998,90.0
4.166,93.86,90.0,0.0,0,0,0.0604193806853357,0,1.5098008780400647,94.03792093458881,1999.9999999999998,90.0
4.171,93.86,90.0,0.0,0,0,0.05600279421063492,0,1.417831535088115,94.02608418720764,1999.9999999999998,90.0
4.177,93.86,90.0,0.0,0,0,0.05243734644740039,0,1.3620130530452714,94.01807898625097,1999.9999999999998,90.0
4.185,93.86,90.0,0.0,0,0,0.04977173533052781,0,1.2768247064869611,94.00872781223755,1999.9999999999998,90.0
4.191,93.86,90.0,0.0,0,0,0.046329739994457775,0,1.152184164654485,93.99766823272829,1999.9999999999998,90.0
4.199,93.86,90.0,0.0,0,0,0.042089604478666054,0,1.067855866557481,93.98888464535369,1999.9999999999998,90.0
4.204,93.86,90.0,0.0,0,0,0.03889577887835083,0,0.9462862474605762,93.97816287569145,1999.9999999999998,90.0
4.21,93.86,90.0,0.0,0,0,0.03492038304499312,0,0.8474336783990196,93.96846359119914,1999.9999999999998,90.0
4.215,93.86,90.0,0.0,0,0,0.03150861837500152,0,0.7826758004891408,93.96125510325831,1999.9999999999998,90.0
4.218,93.86,90.0,0.0,0,0,0.028978476058838964,0,0.7014150344665138,93.95319418081652,1999.9999999999998,90.0
4.222,93.86,90.0,0.0,0,0,0.0260526788326656,0,0.658999096296133,93.94827025587342,1999.9999999999998,90.0
4.226,93.86,90.0,0.0,0,0,0.024262239174350775,0,0.6097200110640657,93.94303681273277,1999.9999999999998,90.0
4.232,93.86,90.0,0.0,0,0,0.022298763736977367,0,0.5492481845209674,93.93717569992936,1999.9999999999998,90.0
4.239,93.86,90.0,0.0,0,0,0.020064097721897323,0,0.4646833826563446,93.92981756371672,1999.9999999999998,90.0
4.243,93.86,90.0,0.0,0,0,0.017271492509867592,0,0.3496877216463435,93.92042571541086,1999.9999999999998,90.0
4.248,93.86,90.0,0.0,0,0,0.013853529920889063,0,0.2801705132283397,93.9133841403652,1999.9999999999998,90.0
4.251,93.86,90.0,0.0,0,0,0.011484027545812125,0,0.19123974297953117,93.90497505386622,1999.9999999999998,90.0
4.255,93.86,90.0,0.0,0,0,0.00863424969333293,0,0.1521680656803025,93.9003740084585,1999.9999999999998,90.0
4.259,93.86,90.0,0.0,0,0,0.007096786320191839,0,0.08934378900097215,93.8939309561047,1999.9999999999998,90.0
4.265,93.86,90.0,0.0,0,0,0.00488046108578688,0,0.0317385258455101,93.88797214092892,1999.9999999999998,90.0
4.272,93.86,90.0,0.0,0,0,0.0028107356086404245,0,-0.067932557413687,93.87918144757985,1999.9999999999998,90.0
4.276,93.86,90.0,0.0,0,0,-0.000276460487473873,0,-0.186582692567921,93.86879894716806,1999.9999999999998,90.0
4.28,93.86,90.0,0.0,0,0,-0.003775754952135557,0,-0.2679180808943243,93.86030999718406,1999.9999999999998,90.0
4.284,93.86,90.0,0.0,0,0,-0.00649765329245966,0,-0.3098328448161162,93.85514782024403,1999.9999999999998,90.0
4.289,93.86,90.0,0.0,0,0,-0.008181589934716627,0,-0.37452934309716157,93.8482479205578,1999.9999999999998,90.0
4.294,93.86,90.0,0.0,0,0,-0.010522253013284022,0,-0.4352138276859959,93.8418111458281,1999.9999999999998,90.0
4.302,93.86,90.0,0.0,0,0,-0.012750594621234068,0,-0.5274283734066314,93.8332919336377,1999.9999999999998,90.0
4.311,93.86,90.0,0.0,0,0,-0.015753423126242616,0,-0.6834915114328376,93.82079561727856,1999.9999999999998,90.0
4.318,93.86,90.0,0.0,0,0,-0.020057435154041237,0,-0.8579899755592011,93.80552464231283,1999.9999999999998,90.0
4.325,93.86,90.0,0.0,0,0,-0.024776581265809394,0,-0.9666329410701364,93.79284673881736,1999.9999999999998,90.0
4.33,93.86,90.0,0.0,0,0,-0.028441828173544792,0,-1.0774789539544118,93.78024036809374,1999.9999999999998,90.0
4.337,93.86,90.0,0.0,0,0,-0.032339433799212,0,-1.132620366992713,93.77247354864704,1999.9999999999998,90.0
4.344,93.86,90.0,0.0,0,0,-0.03489183802846929,0,-1.2185217191459223,93.76309430924674,1999.9999999999998,90.0
4.351,93.86,90.0,0.0,0,0,-0.03827020982881857,0,-1.3229764574608769,93.75309733128486,1999.9999999999998,90.0
4.354,93.86,90.0,0.0,0,0,-0.042010717181393264,0,-1.4269832529330944,93.74326189131695,1999.9999999999998,90.0
4.358,93.86,90.0,0.0,0,0,-0.04564269770762852,0,-1.4660431413605182,93.73832801906917,1999.9999999999998,90.0
4.363,93.86,90.0,0.0,0,0,-0.04743237843708803,0,-1.520847394085412,93.73243609034725,1999.9999999999998,90.0
4.37,93.86,90.0,0.0,0,0,-0.04967008016758978,0,-1.6364915599348875,93.72298617294852,1999.9999999999998,90.0
4.376,93.86,90.0,0.0,0,0,-0.053336465468608374,0,-1.70365101729172,93.71613467134206,1999.9999999999998,90.0
4.383,93.86,90.0,0.0,0,0,-0.05578160775295249,0,-1.80510995561777,93.70712806943313,1999.9999999999998,90.0
4.386,93.86,90.0,0.0,0,0,-0.059025775634016675,0,-1.9305523176145774,93.69632933363705,1999.9999999999998,90.0
4.39,93.86,90.0,0.0,0,0,-0.06276071750831713,0,-1.9754863090584438,93.69080753271818,1999.9999999999998,90.0
4.395,93.86,90.0,0.0,0,0,-0.06455811401447464,0,-2.031153539563796,93.68457203757634,1999.9999999999998,90.0
4.399,93.86,90.0,0.0,0,0,-0.06667375468738035,0,-2.1054848065159453,93.67711358759762,1999.9999999999998,90.0
4.403,93.86,90.0,0.0,0,0,-0.06927966340095182,0,-2.1560839729007397,93.67156950627687,1999.9999999999998,90.0
4.407,93.86,90.0,0.0,0,0,-0.07122644240350429,0,-2.2059968207489407,93.66626375744306,1999.9999999999998,90.0
4.412,93.86,90.0,0.0,0,0,-0.07313185978343073,0,-2.2800405750490587,93.6593342043797,1999.9999999999998,90.0
4.415,93.86,90.0,0.0,0,0,-0.07566010477745433,0,-2.3496964123181487,93.65268768993202,1999.9999999999998,90.0
4.422,93.86,90.0,0.0,0,0,-0.07804756846877892,0,-2.4090238589222537,93.64679858548202,1999.9999999999998,90.0
4.428,93.86,90.0,0.0,0,0,-0.08014347699144064,0,-2.5709376443554515,93.6347760110004,1999.9999999999998,90.0
4.431,93.86,90.0,0.0,0,0,-0.08442851579785104,0,-2.6407405954802923,93.62695633626738,1999.9999999999998,90.0
4.435,93.86,90.0,0.0,0,0,-0.08682812235086379,0,-2.6796460115628484,93.62200410778348,1999.9999999999998,90.0
4.44,93.86,90.0,0.0,0,0,-0.08839935805807597,0,-2.741580483994387,93.61518841436784,1999.9999999999998,90.0
4.444,93.86,90.0,0.0,0,0,-0.09065312378268597,0,-2.8119991671826896,93.60787434086131,1999.9999999999998,90.0
4.448,93.86,90.0,0.0,0,0,-0.09313810983194504,0,-2.8721958312225113,93.60145622978322,1999.9999999999998,90.0
4.454,93.86,90.0,0.0,0,0,-0.0953502609576442,0,-2.933169097110196,93.59513438398983,1999.9999999999998,90.0
4.461,93.86,90.0,0.0,0,0,-0.09757126625332457,0,-3.0299798396493203,93.58646246849254,1999.9999999999998,90.0
4.464,93.86,90.0,0.0,0,0,-0.10065593258658678,0,-3.151735074244268,93.57594389504285,1999.9999999999998,90.0
4.468,93.86,90.0,0.0,0,0,-0.10426792798629325,0,-3.1872808072578156,93.5714119733697,1999.9999999999998,90.0
4.473,93.86,90.0,0.0,0,0,-0.10573772020315086,0,-3.249957709793796,93.5646671538925,1999.9999999999998,90.0
4.481,93.86,90.0,0.0,0,0,-0.10801185051871753,0,-3.337914651218626,93.5562276326023,1999.9999999999998,90.0
4.487,93.86,90.0,0.0,0,0,-0.11092044535749901,0,-3.465026521782433,93.54520310579076,1999.9999999999998,90.0
4.493,93.86,90.0,0.0,0,0,-0.11468447950459515,0,-3.5559373031865333,93.53580994385092,1999.9999999999998,90.0
4.497,93.86,90.0,0.0,0,0,-0.11771184670926571,0,-3.6718952698396814,93.52470565618485,1999.9999999999998,90.0
4.503,93.86,90.0,0.0,0,0,-0.12134762187977843,0,-3.7145037007506234,93.51907795701524,1999.9999999999998,90.0
4.51,93.86,90.0,0.0,0,0,-0.12316728029903112,0,-3.8226375094596,93.50873375153441,1999.9999999999998,90.0
4.513,93.86,90.0,0.0,0,0,-0.12669832328748187,0,-3.936234074353063,93.49785445620932,1999.9999999999998,90.0
4.518,93.86,90.0,0.0,0,0,-0.13036546751735667,0,-3.973406720548917,93.49282689904419,1999.9999999999998,90.0
4.522,93.86,90.0,0.0,0,0,-0.13203890564377874,0,-4.026567076766641,93.48665797458278,1999.9999999999998,90.0
4.53,93.86,90.0,0.0,0,0,-0.13420463562114904,0,-4.108935173387766,93.4786551210092,1999.9999999999998,90.0
4.536,93.86,90.0,0.0,0,0,-0.1371227170706244,0,-4.220787970265168,93.46887372458961,1999.9999999999998,90.0
4.542,93.86,90.0,0.0,0,0,-0.14067096244646704,0,-4.326689617396973,93.45902943662331,1999.9999999999998,90.0
4.546,93.86,90.0,0.0,0,0,-0.14406501877649713,0,-4.42297486101108,93.44955412505816,1999.9999999999998,90.0
4.55,93.86,90.0,0.0,0,0,-0.14725568217324714,0,-4.473579951623088,93.44353949935233,1999.9999999999998,90.0
4.555,93.86,90.0,0.0,0,0,-0.1492791129902069,0,-4.527695297360518,93.43750039951186,1999.9999999999998,90.0
4.563,93.86,90.0,0.0,0,0,-0.15139412122239948,0,-4.640816581451201,93.42768063842274,1999.9999999999998,90.0
4.567,93.86,90.0,0.0,0,0,-0.15493262701126342,0,-4.7365852762402625,93.41848355126535,1999.9999999999998,90.0
4.572,93.86,90.0,0.0,0,0,-0.1580728216391214,0,-4.807527725189531,93.41094748290898,1999.9999999999998,90.0
4.579,93.86,90.0,0.0,0,0,-0.16062079878338853,0,-4.890191294502296,93.40271868071109,1999.9999999999998,90.0
4.589,93.86,90.0,0.0,0,0,-0.16346210193031396,0,-5.037911287734145,93.39051948726116,1999.9999999999998,90.0
4.596,93.86,90.0,0.0,0,0,-0.1676865529164253,0,-5.195018424535355,93.37642432760215,1999.9999999999998,90.0
4.6,93.86,90.0,0.0,0,0,-0.17214703077660332,0,-5.3076779059225485,93.36399418592863,1999.9999999999998,90.0
4.603,93.86,90.0,0.0,0,0,-0.17588981491574485,0,-5.357415819963603,93.35686457822351,1999.9999999999998,90.0
4.608,93.86,90.0,0.0,0,0,-0.1781386476027942,0,-5.38952603202987,93.35207620883963,1999.9999999999998,90.0
4.612,93.86,90.0,0.0,0,0,-0.17978096964614032,0,-5.436771201285471,93.34626037882433,1999.9999999999998,90.0
4.617,93.86,90.0,0.0,0,0,-0.18191140943172845,0,-5.489934448965075,93.34042028685307,1999.9999999999998,90.0
4.624,93.86,90.0,0.0,0,0,-0.1841597361662073,0,-5.569646334127247,93.33310667430084,1999.9999999999998,90.0
4.63,93.86,90.0,0.0,0,0,-0.18705125510573994,0,-5.697821474097688,93.32305861447621,1999.9999999999998,90.0
4.636,93.86,90.0,0.0,0,0,-0.19092710477088248,0,-5.81094280417083,93.31294177550947,1999.9999999999998,90.0
4.641,93.86,90.0,0.0,0,0,-0.19442741114068474,0,-5.900790251658551,93.30391032129266,1999.9999999999998,90.0
4.645,93.86,90.0,0.0,0,0,-0.1974279628591269,0,-5.9563820736785065,93.29750911269775,1999.9999999999998,90.0
4.649,93.86,90.0,0.0,0,0,-0.19956826871983635,2,-6.022828204226496,93.29048372521933,1999.9999999999998,90.0
4.653,93.86,90.0,0.0,0,0,-0.20200278600020338,2,-6.062288557947808,93.28586399891611,1999.9999999999998,90.0
4.657,93.86,90.0,0.0,0,0,-0.2036341035751441,2,-6.133710880505498,93.2789405417128,1999.9999999999998,90.0
4.663,93.86,90.0,0.0,0,0,-0.206152988446616,2,-6.178531292649994,93.27411528392025,1999.9999999999998,90.0
4.669,93.86,90.0,0.0,0,0,-0.2078995367194536,2,-6.312363300640616,93.26370259992429,1999.9999999999998,90.0
4.673,93.69,90.0,0.0,0,0,-0.21173263339240167,2,-6.397572756700434,93.25524130998548,1999.9999999999998,90.0
4.678,93.69,90.0,0.0,0,0,-0.2145191671735871,2,-6.8233814854112085,93.20479481541307,1999.9999999999998,90.0
4.681,93.51,90.0,0.0,0,0,-0.21199396829253248,2,-7.17794818242628,93.14664164718545,1999.9999999999998,90.0
4.686,93.51,90.0,0.0,0,0,-0.21457362055814322,2,-7.520293738731584,93.08882469588312,1999.9999999999998,90.0
4.689,93.33,90.0,0.0,0,0,-0.21096228931058247,2,-7.957155741368779,92.99405717245982,1999.9999999999998,90.0
4.696,93.33,90.0,0.0,0,0,-0.21330580164925284,2,-8.380560993559605,92.89969316351348,1999.9999999999998,90.0
4.702,93.16,90.0,0.0,0,0,-0.20994565717456792,2,-8.90793712613333,92.71426961328432,1999.9999999999998,90.0
4.706,92.98,90.0,0.0,0,0,-0.2134649056352571,2,-9.135610419043214,92.5788689791359,1999.9999999999998,90.0
4.712,92.81,90.0,0.0,0,0,-0.21103055276649663,2,-9.41572707472394,92.43359371775105,1999.9999999999998,90.0
4.719,92.81,90.0,0.0,0,0,-0.20804519822901746,2,-9.890209437583463,92.18208178013909,1999.9999999999998,90.0
4.728,92.46,90.0,0.0,0,-4,-0.20626900085042799,2,-9.47410664552165,92.07790808292698,1999.9999999999998,90.0
4.735,92.28,90.0,0.0,0,-4,-0.20817083658424407,2,-8.528500533878898,91.77288498018824,1999.9999999999998,90.0
4.739,91.93,90.0,0.0,0,-5,-0.13276746860321076,2,-7.435893241498585,91.63698433539703,1999.9999999999998,90.0
4.747,91.75,90.0,0.0,0,-5,-0.12992071688871176,2,-6.89576659381637,91.44691586054302,1999.9999999999998,90.0
4.755,91.4,90.0,0.0,0,-5,-0.10497806418047206,0,-6.354978297238665,91.28950021545954,1999.9999999999998,90.0
4.76,91.23,90.0,0.0,0,-6,-0.10168694651348487,0,-6.4862654502608255,91.10414709772559,1999.9999999999998,90.0
4.768,91.05,90.0,0.0,0,-6,-0.09321413713628024,0,-6.246624050234215,90.89026453731981,1999.9999999999998,90.0
4.774,90.87,90.0,0.0,0,-6,-0.07248785597656937,0,-5.867242199501763,90.71049635339,1999.9999999999998,90.0
4.781,90.87,90.0,0.0,0,-5,-0.06848081214564683,0,-5.414073666919109,90.51838346089073,1999.9999999999998,90.0
4.784,90.87,90.0,0.0,0,-3,-0.06444014245785601,0,-4.835525646141753,90.46539307160276,1999.9999999999998,90.0
4.788,90.7,90.0,0.0,0,-3,-0.08222684859832974,0,-4.63654852568015,90.45145731934832,1999.9999999999998,90.0
4.792,90.7,90.0,0.0,0,-3,-0.11703679024744496,0,-4.717575357173948,90.40030712072965,1999.9999999999998,90.0
4.796,90.7,90.0,0.0,0,-2,-0.11275726046819923,0,-4.6796982237012354,90.36085789606126,1999.9999999999998,90.0
4.8,90.87,90.0,0.0,0,2,-0.1131337920750366,0,-4.710585978797042,90.3309816764796,1999.9999999999998,90.0
4.804,90.87,90.0,0.0,0,2,-0.1307353579144337,0,-4.966082583145733,90.3509021143866,1999.9999999999998,90.0
4.808,90.87,90.0,0.0,0,2,-0.20479337335975556,0,-5.223026496019207,90.35786424594912,1999.9999999999998,90.0
4.812,90.87,90.0,0.0,0,2,-0.20526320144088306,0,-5.4990511617288815,90.35705087126533,1999.9999999999998,90.0
4.817,90.87,90.0,0.0,0,1,-0.20576678416084837,2,-5.751927819188629,90.34957577146835,1999.9999999999998,90.0
4.82,90.7,90.0,0.0,0,-1,-0.20626341068835075,2,-5.811864999299838,90.33785570912094,1999.9999999999998,90.0
4.825,90.7,90.0,0.0,0,-1,-0.18953706775476098,2,-5.881757887762983,90.28658178177943,1999.9999999999998,90.0
4.829,90.7,90.0,0.0,0,-1,-0.15082228762906968,2,-5.824525272275956,90.23801852520563,1999.9999999999998,90.0
4.833,90.7,90.0,0.0,0,-1,-0.15128265859155698,0,-5.672506064403857,90.21032414069205,1999.9999999999998,90.0
4.837,90.7,90.0,0.0,0,-1,-0.15167150804626983,0,-5.472339658596894,90.19314251461238,1999.9999999999998,90.0
4.841,90.52,90.0,0.0,0,-1,-0.15205992167396287,0,-5.285643591203316,90.18629250142722,1999.9999999999998,90.0
4.845,90.52,90.0,0.0,0,-1,-0.1523878012224329,0,-5.4621853440130295,90.13186055839435,1999.9999999999998,90.0
4.849,90.52,90.0,0.0,0,-1,-0.14778705088688282,0,-5.47584852595602,90.09444258614774,1999.9999999999998,90.0
4.853,90.52,90.0,0.0,0,-1,-0.14807872205762385,0,-5.407916682428575,90.06748491155393,1999.9999999999998,90.0
4.858,90.52,90.0,0.0,0,-1,-0.14835493808132671,0,-5.281893591571848,90.0474220295688,1999.9999999999998,90.0
4.862,90.52,90.0,0.0,0,-1,-0.14864589357822489,0,-5.109642300492206,90.03446694730067,1999.9999999999998,90.0
4.866,90.52,90.0,0.0,0,-1,-0.14895954615985962,0,-4.938877311791194,90.02994280117967,1999.9999999999998,90.0
4.87,90.52,90.0,0.0,0,-1,-0.14924552601956353,0,-4.772547926439243,90.0306231623094,1999.9999999999998,90.0
4.874,90.52,90.0,0.0,0,-1,-0.14953312466534108,0,-4.637064390005674,90.03472538027765,1999.9999999999998,90.0
4.878,90.52,90.0,0.0,0,-1,-0.14979357882464361,0,-4.484468072990554,90.04291416405187,1999.9999999999998,90.0
4.882,90.52,90.0,0.0,0,-1,-0.15014006720379003,0,-4.392503161090055,90.05124186595245,1999.9999999999998,90.0
4.886,90.52,90.0,0.0,0,-1,-0.1504225879732526,0,-4.327149033205466,90.05996586532657,1999.9999999999998,90.0
4.89,90.52,90.0,0.0,0,-1,-0.1507123166007056,0,-4.292955142088147,90.06734956980658,1999.9999999999998,90.0
4.894,90.52,90.0,0.0,0,-1,-0.15097438954608133,0,-4.277989573251116,90.07422131485346,1999.9999999999998,90.0
4.898,90.52,90.0,0.0,0,-1,-0.15125190059864302,0,-4.282441921477845,90.08046628273671,1999.9999999999998,90.0
4.903,90.52,90.0,0.0,0,-1,-0.1515614976951669,0,-4.302117164465115,90.08445579597102,1999.9999999999998,90.0
4.907,90.52,90.0,0.0,0,-1,-0.15183694692546634,0,-4.336584137135419,90.0874725746229,1999.9999999999998,90.0
4.911,90.52,90.0,0.0,0,-1,-0.152156614575353,0,-4.376238861343752,90.08866804695408,1999.9999999999998,90.0
4.915,90.52,90.0,0.0,0,-1,-0.1524572316691324,0,-4.4170185416668195,90.0885602791036,1999.9999999999998,90.0
4.919,90.52,90.0,0.0,0,-1,-0.15274885172031327,0,-4.458160767668026,90.08745150301235,1999.9999999999998,90.0
4.923,90.52,90.0,0.0,0,-1,-0.153048412343181,0,-4.489824482092372,90.08588208898814,1999.9999999999998,90.0
4.927,90.52,90.0,0.0,0,-1,-0.15330106224962403,0,-4.527495143694349,90.08340444839067,1999.9999999999998,90.0
4.931,90.52,90.0,0.0,0,-1,-0.1536298973406427,0,-4.5540885865151814,90.08096328029784,1999.9999999999998,90.0
4.936,90.52,90.0,0.0,0,-1,-0.15391412209544608,0,-4.57417648154561,90.07863038300079,1999.9999999999998,90.0
4.94,90.52,90.0,0.0,0,-1,-0.15418091508021536,0,-4.594596659514201,90.0758323190259,1999.9999999999998,90.0
4.944,90.52,90.0,0.0,0,-1,-0.1545122209499774,0,-4.606560141987306,90.07364851216802,1999.9999999999998,90.0
4.948,90.52,90.0,0.0,0,-1,-0.15479295253483283,0,-4.615650818605038,90.07162487456696,1999.9999999999998,90.0
4.952,90.52,90.0,0.0,0,-1,-0.1550851689808832,0,-4.622137528784282,90.06985038820034,1999.9999999999998,90.0
4.956,90.52,90.0,0.0,0,-1,-0.15538258258222237,0,-4.626350057417993,90.06842666508565,1999.9999999999998,90.0
4.96,90.52,90.0,0.0,0,0,-0.15566726741306747,0,-4.629785778373626,90.06719610005173,1999.9999999999998,90.0
4.964,90.52,90.0,0.0,0,0,-0.15596427205792462,0,-4.794656135572772,90.06617257645671,1999.9999999999998,90.0
4.968,90.52,90.0,0.0,0,0,-0.17348260607798371,0,-4.942530656407419,90.06135444809595,1999.9999999999998,90.0
4.972,90.52,90.0,0.0,0,0,-0.17377720810351116,0,-5.067410255274419,90.05423777058996,1999.9999999999998,90.0
4.976,90.52,90.0,0.0,0,0,-0.1740656928216655,0,-5.167580513545667,90.04594774987098,1999.9999999999998,90.0
4.98,90.52,90.0,0.0,0,0,-0.17435059917060514,0,-5.245616715794581,90.0370738566967,1999.9999999999998,90.0
4.984,90.52,90.0,0.0,0,0,-0.17464199770369193,0,-5.299942050253196,90.02844155135263,1999.9999999999998,90.0
4.989,90.52,90.0,0.0,0,0,-0.17493508318226603,0,-5.329499084162782,90.0213024589039,1999.9999999999998,90.0
4.993,90.52,90.0,0.0,0,0,-0.17520277927926609,0,-5.3470836584601535,90.01399404204882,1999.9999999999998,90.0
4.997,90.52,90.0,0.0,0,0,-0.17551949903451325,0,-5.34763794526527,90.00855753133739,1999.9999999999998,90.0
5.001,90.52,90.0,0.0,0,0,-0.1758160436033287,0,-5.338171928994491,90.00454861690716,1999.9999999999998,90.0
5.005,90.52,90.0,0.0,0,0,-0.1761075273356827,0,-5.32385648570727,90.00199470986801,1999.9999999999998,90.0
5.009,90.52,90.0,0.0,0,0,-0.17637501895444174,0,-5.306193727290599,90.000207247297,1999.9999999999998,90.0
5.013,90.52,90.0,0.0,0,0,-0.1766645942232139,0,-5.285085710232956,89.99908191966838,1999.9999999999998,90.0
5.017,90.52,90.0,0.0,0,0,-0.1770197047681843,0,-5.269672113842497,89.99895611064416,1999.9999999999998,90.0
5.022,90.52,90.0,0.0,0,0,-0.17730604246480963,0,-5.258439579280096,89.99921041437209,1999.9999999999998,90.0
5.026,90.52,90.0,0.0,0,0,-0.17757048394980934,0,-5.249492999479564,89.9997651414968,1999.9999999999998,90.0
5.03,90.52,90.0,0.0,0,0,-0.17789906344302686,0,-5.246223376635873,90.0003097188948,1999.9999999999998,90.0
5.034,90.52,90.0,0.0,0,0,-0.17817587586159878,0,-5.2468360910468785,90.00081176647502,1999.9999999999998,90.0
5.038,90.52,90.0,0.0,0,0,-0.1784581751129668,0,-5.250632852477919,90.00115763426835,1999.9999999999998,90.0
5.042,90.52,90.0,0.0,0,0,-0.17872426946374675,1,-5.258078092319537,90.00136064374637,1999.9999999999998,90.0
5.046,90.52,90.0,0.0,0,0,-0.17901987684062437,0,-5.267685596620944,90.00132896382964,1999.9999999999998,90.0
5.05,90.52,90.0,0.0,0,0,-0.17930522622575262,0,-5.279879878788664,90.00105914790906,1999.9999999999998,90.0
5.054,90.52,90.0,0.0,0,0,-0.17960817777944849,0,-5.292289091686147,90.00058032632431,1999.9999999999998,90.0
5.058,90.52,90.0,0.0,0,0,-0.17989238549439834,0,-5.3053813452513605,89.99991256723631,1999.9999999999998,90.0
5.062,90.52,90.0,0.0,0,0,-0.18018032493724379,0,-5.320144654170453,89.99900782544199,1999.9999999999998,90.0
5.066,90.52,90.0,0.0,0,0,-0.18049777740618733,0,-5.332180581574636,89.99809707615553,1999.9999999999998,90.0
5.07,90.52,90.0,0.0,0,0,-0.18077213608586895,0,-5.344440863350576,89.99706865749052,1999.9999999999998,90.0
5.074,90.52,90.0,0.0,0,0,-0.18106142167713335,0,-5.3559033671770075,89.9960016406125,1999.9999999999998,90.0
5.078,90.52,90.0,0.0,0,0,-0.18134908848232412,0,-5.366864952950829,89.99489827059104,1999.9999999999998,90.0
5.083,90.52,90.0,0.0,0,0,-0.1816422591601654,0,-5.377006396810302,89.9938050180067,1999.9999999999998,90.0
5.087,90.52,90.0,0.0,0,0,-0.18193418592870803,0,-5.386449971007897,89.9927358497713,1999.9999999999998,90.0
5.091,90.52,90.0,0.0,0,0,-0.18222582301974244,0,-5.395382243815445,89.99169486380346,1999.9999999999998,90.0
5.095,90.52,90.0,0.0,0,0,-0.18251913001641062,0,-5.4040378352729315,89.9906773952891,1999.9999999999998,90.0
5.099,90.52,90.0,0.0,0,0,-0.18281722521188604,0,-5.41216919626393,89.98971729734826,1999.9999999999998,90.0
5.103,90.52,90.0,0.0,0,0,-0.18311046404914055,0,-5.420283555471032,89.98878005246179,1999.9999999999998,90.0
5.107,90.52,90.0,0.0,0,0,-0.18340896820109753,0,-5.427789809955732,89.98791997399505,1999.9999999999998,90.0
5.111,90.52,90.0,0.0,0,0,-0.18369343151384854,0,-5.435524241712822,89.98706955269812,1999.9999999999998,90.0
5.115,90.52,90.0,0.0,0,0,-0.183984489249867,0,-5.443454546854592,89.98622989100177,1999.9999999999998,90.0
5.12,90.52,90.0,0.0,0,0,-0.18427936391304867,0,-5.451233727926812,89.98542433700318,1999.9999999999998,90.0
5.124,90.52,90.0,0.0,0,0,-0.1845671840769203,0,-5.459705174931854,89.9845858170128,1999.9999999999998,90.0
5.128,90.52,90.0,0.0,0,0,-0.18487028898929658,0,-5.467940126527137,89.98377597466482,1999.9999999999998,90.0
5.132,90.52,90.0,0.0,0,0,-0.18516327222874995,0,-5.476166173903988,89.98297584704738,1999.9999999999998,90.0
5.136,90.52,90.0,0.0,0,0,-0.18545250670045466,0,-5.484104648747284,89.98220303050105,1999.9999999999998,90.0
5.14,90.52,90.0,0.0,0,0,-0.18573088678553962,0,-5.492997640010752,89.98136572483496,1999.9999999999998,90.0
5.144,90.52,90.0,0.0,0,0,-0.1860315379590256,0,-5.501866086809528,89.98052628138919,1999.9999999999998,90.0
5.148,90.52,90.0,0.0,0,0,-0.1863293093972862,0,-5.510547961583209,89.97969565397936,1999.9999999999998,90.0
5.152,90.52,90.0,0.0,0,0,-0.1866208272093468,0,-5.5191506460200905,89.97886700789962,1999.9999999999998,90.0
5.157,90.52,90.0,0.0,0,0,-0.18690941416662188,0,-5.528258050538994,89.97799764156002,1999.9999999999998,90.0
5.16,90.52,90.0,0.0,0,0,-0.18721038909732268,0,-5.5380651605283076,89.9770698181518,1999.9999999999998,90.0
5.164,90.52,90.0,0.0,0,0,-0.18752886395747081,0,-5.545338354004056,89.97632200300501,1999.9999999999998,90.0
5.169,90.52,90.0,0.0,0,0,-0.18778260441453165,0,-5.5539956793130765,89.97547303877698,1999.9999999999998,90.0
5.173,90.52,90.0,0.0,0,0,-0.1880732020745084,0,-5.563030428564389,89.974593478233,1999.9999999999998,90.0
5.177,90.52,90.0,0.0,0,0,-0.18837381916828777,0,-5.571658932064186,89.9737396096228,1999.9999999999998,90.0
5.181,90.52,90.0,0.0,0,0,-0.18866465538621213,0,-5.580410245697507,89.97287547854684,1999.9999999999998,90.0
5.185,90.52,90.0,0.0,0,0,-0.188959206292179,0,-5.589102094585763,89.97201442510877,1999.9999999999998,90.0
5.189,90.52,90.0,0.0,0,0,-0.18925276888664833,0,-5.597498618598748,89.97117536661439,1999.9999999999998,90.0
5.193,90.52,90.0,0.0,0,0,-0.18953912362312675,0,-5.6061425092380235,89.97031939014083,1999.9999999999998,90.0
5.198,90.52,90.0,0.0,0,0,-0.1898321579821407,0,-5.614933983311561,89.96945251461248,1999.9999999999998,90.0
5.201,90.52,90.0,0.0,0,0,-0.19012919670670447,0,-5.62497971965655,89.96849290261748,1999.9999999999998,90.0
5.205,90.52,90.0,0.0,0,0,-0.19045796363830947,0,-5.6321513374545615,89.96774226274745,1999.9999999999998,90.0
5.209,90.52,90.0,0.0,0,0,-0.19071279464598812,0,-5.6407822603174935,89.96688755049708,1999.9999999999998,90.0
5.214,90.52,90.0,0.0,0,0,-0.1910066128382586,0,-5.649372968889974,89.96603694942445,1999.9999999999998,90.0
5.218,90.52,90.0,0.0,0,0,-0.19129928936035112,0,-5.658514628291601,89.96514643115401,1999.9999999999998,90.0
5.222,90.52,90.0,0.0,0,0,-0.19160597264194257,0,-5.6670300839930245,89.96429969981172,1999.9999999999998,90.0
5.226,90.52,90.0,0.0,0,0,-0.19189660438162592,0,-5.67517589273943,89.9634830375972,1999.9999999999998,90.0
5.23,90.52,90.0,0.0,0,0,-0.19217745524545515,0,-5.6843154468295705,89.96259573383944,1999.9999999999998,90.0
5.234,90.52,90.0,0.0,0,0,-0.19248376365027164,0,-5.69235392212173,89.96178804807018,1999.9999999999998,90.0
5.238,90.52,90.0,0.0,0,0,-0.19276141102166067,0,-5.701118567515113,89.96092966545044,1999.9999999999998,90.0
5.242,90.52,90.0,0.0,0,0,-0.1930577511122351,2,-5.710163552945369,89.96004940707422,1999.9999999999998,90.0
5.246,90.52,90.0,0.0,0,0,-0.19336107754270548,2,-5.7183346232029795,89.9592319202181,1999.9999999999998,90.0
5.25,90.52,90.0,0.0,0,0,-0.19364177504785385,2,-5.727130900622161,89.9583703454986,1999.9999999999998,90.0
5.255,90.52,90.0,0.0,0,0,-0.19393859225432353,2,-5.735704434059181,89.95752408242338,1999.9999999999998,90.0
5.259,90.52,90.0,0.0,0,0,-0.19422959887078184,2,-5.744334803080207,89.95667380237714,1999.9999999999998,90.0
5.263,90.35,90.0,0.0,0,0,-0.19452201979507322,2,-5.752851691669374,89.955831896315,1999.9999999999998,90.0
5.267,90.35,90.0,0.0,0,0,-0.19481145874501804,2,-6.113801648328088,89.91267216664279,1999.9999999999998,90.0
5.271,90.35,90.0,0.0,0,0,-0.19034143815072646,2,-6.346900150449702,89.87154245230629,1999.9999999999998,90.0
5.275,90.17,90.0,0.0,0,0,-0.19053758324789793,2,-6.471390734343121,89.83395344631994,1999.9999999999998,90.0
5.279,90.17,90.0,0.0,0,0,-0.19073884357798576,0,-6.8650558557839805,89.75975491678903,1999.9999999999998,90.0
5.283,90.0,90.0,0.0,0,0,-0.18589169466836752,0,-7.063189921858162,89.69278312845577,1999.9999999999998,90.0
5.287,90.0,90.0,0.0,0,0,-0.18598804029334826,0,-7.432861316495447,89.5980509841576,1999.9999999999998,90.0
5.292,90.0,90.0,0.0,0,0,-0.1813211520465634,0,-7.563767151265345,89.51432631140305,1999.9999999999998,90.0
5.296,90.0,90.0,0.0,0,0,-0.1813211520465634,0,-7.476594369817696,89.44009259458723,1999.9999999999998,90.0
5.299,89.82,90.0,0.0,0,0,-0.1813211520465634,0,-7.247553837709611,89.39823449829365,1999.9999999999998,90.0
5.304,89.82,90.0,0.0,0,0,-0.1813211520465634,0,-7.292180779741689,89.33520890942046,1999.9999999999998,90.0
5.308,89.82,90.0,0.0,0,0,-0.17629232061535038,0,-7.188171042896024,89.27412434083409,1999.9999999999998,90.0
5.312,89.82,90.0,0.0,0,0,-0.17618642644636218,0,-6.930243258575079,89.22940451653295,1999.9999999999998,90.0
5.316,89.82,90.0,0.0,0,0,-0.17607503495851384,0,-6.622951373618508,89.20708117382078,1999.9999999999998,90.0
5.32,89.82,90.0,0.0,0,0,-0.17597754602490712,0,-6.29222472921098,89.19749449634466,1999.9999999999998,90.0
5.324,89.82,90.0,0.0,0,0,-0.1758812780623349,0,-5.9110016798176845,89.197963195323,1999.9999999999998,90.0
5.328,89.82,90.0,0.0,0,0,-0.17576946188890918,0,-5.6287703448492925,89.20662632659624,1999.9999999999998,90.0
5.332,89.82,90.0,0.0,0,0,-0.17567874433089425,0,-5.342642935659819,89.22172860287027,1999.9999999999998,90.0
5.336,89.82,90.0,0.0,0,0,-0.17557287375554909,0,-5.133545477267578,89.2388007570017,1999.9999999999998,90.0
5.34,89.82,90.0,0.0,0,0,-0.17547527275213737,0,-4.967647878694218,89.25787804105661,1999.9999999999998,90.0
5.345,89.82,90.0,0.0,0,0,-0.17537140173805144,0,-4.866521050568978,89.2751098283523,1999.9999999999998,90.0
5.349,89.82,90.0,0.0,0,0,-0.17527404846789318,0,-4.803553695494724,89.29256681538102,1999.9999999999998,90.0
5.353,89.82,90.0,0.0,0,0,-0.17516437341758584,0,-4.790708367148126,89.30529404308493,1999.9999999999998,90.0
5.357,89.82,90.0,0.0,0,0,-0.17506760998850712,0,-4.807000826634205,89.31577766823389,1999.9999999999998,90.0
5.361,89.82,90.0,0.0,0,0,-0.17496618091648974,0,-4.844928675518078,89.32312764203208,1999.9999999999998,90.0
5.365,89.82,90.0,0.0,0,0,-0.17486636800903055,0,-4.896689447495907,89.32783026112075,1999.9999999999998,90.0
5.369,89.82,90.0,0.0,0,0,-0.17476495663224556,0,-4.953967897303705,89.33006968946603,1999.9999999999998,90.0
5.373,89.82,90.0,0.0,0,0,-0.1746643474393288,0,-5.01311391816084,89.33036827411885,1999.9999999999998,90.0
5.377,89.82,90.0,0.0,0,0,-0.17456003404443354,0,-5.0634094208532,89.32918513432098,1999.9999999999998,90.0
5.382,89.82,90.0,0.0,0,0,-0.17446318213919332,0,-5.108459340805384,89.32700308596146,1999.9999999999998,90.0
5.386,89.82,90.0,0.0,0,0,-0.17436171767671116,0,-5.144429708211067,89.3242187023067,1999.9999999999998,90.0
5.39,89.82,90.0,0.0,0,0,-0.1742588493924604,0,-5.169275317457445,89.32132824909928,1999.9999999999998,90.0
5.394,89.82,90.0,0.0,0,0,-0.17415899519612532,0,-5.185021323102514,89.31847770198479,1999.9999999999998,90.0
5.398,89.82,90.0,0.0,0,0,-0.17405670495613235,0,-5.191780459187211,89.31599447999501,1999.9999999999998,90.0
5.402,89.82,90.0,0.0,0,0,-0.17395608396639428,0,-5.191280781616117,89.31384319505635,1999.9999999999998,90.0
5.406,89.82,90.0,0.0,0,0,-0.17384965894043436,0,-5.184785689995153,89.31231702787744,1999.9999999999998,90.0
5.41,89.82,90.0,0.0,0,0,-0.17374657241498426,0,-5.175218588141427,89.31142372451804,1999.9999999999998,90.0
5.414,89.82,90.0,0.0,0,0,-0.1736523217089032,0,-5.162716379690682,89.31092220840698,1999.9999999999998,90.0
5.418,89.82,90.0,0.0,0,0,-0.1735512465415341,0,-5.147757590103516,89.31084523584077,1999.9999999999998,90.0
5.422,89.82,90.0,0.0,0,0,-0.17344079879941265,0,-5.135640913193684,89.31112792243852,1999.9999999999998,90.0
5.427,89.82,90.0,0.0,0,0,-0.1733501992096138,0,-5.122683444666807,89.31167517175254,1999.9999999999998,90.0
5.431,89.82,90.0,0.0,0,0,-0.1732481743981067,0,-5.111137710010912,89.31240359247782,1999.9999999999998,90.0
5.435,89.82,90.0,0.0,0,0,-0.17314645630396042,0,-5.101336984318489,89.31323007702619,1999.9999999999998,90.0
5.439,89.82,90.0,0.0,0,0,-0.17304530445725064,0,-5.0916460704579825,89.31424856129264,1999.9999999999998,90.0
5.443,89.82,90.0,0.0,0,0,-0.17292570827998732,0,-5.086218479363069,89.31502521166951,1999.9999999999998,90.0
5.447,89.82,90.0,0.0,0,0,-0.17283283780203273,0,-5.081303516607936,89.31585579286013,1999.9999999999998,90.0
5.452,89.82,90.0,0.0,0,0,-0.17272594090320936,0,-5.078773458890876,89.3164294952542,1999.9999999999998,90.0
5.456,89.82,90.0,0.0,0,0,-0.17264303873949682,0,-5.075720484691728,89.31715029484926,1999.9999999999998,90.0
5.459,89.82,90.0,0.0,0,0,-0.1725253300536882,0,-5.074202006242096,89.3176431214138,1999.9999999999998,90.0
5.463,89.82,90.0,0.0,0,0,-0.17242854892937665,0,-5.0731349112050665,89.3180371017883,1999.9999999999998,90.0
5.468,89.82,90.0,0.0,0,0,-0.17233582591169183,0,-5.072056105068126,89.31839438154486,1999.9999999999998,90.0
5.472,89.82,90.0,0.0,0,0,-0.1722348805093601,0,-5.070966636380048,89.31869079646873,1999.9999999999998,90.0
5.476,89.82,90.0,0.0,0,0,-0.17213346323416445,0,-5.06971653359484,89.31894172176304,1999.9999999999998,90.0
5.48,89.82,90.0,0.0,0,0,-0.1720313912353708,0,-5.068236351302119,89.3191590527998,1999.9999999999998,90.0
5.484,89.82,90.0,0.0,0,0,-0.17193005653792603,0,-5.066456111089642,89.31935868285547,1999.9999999999998,90.0
5.488,89.82,90.0,0.0,0,0,-0.171828692348428,0,-5.0643621055459755,89.31955211025794,1999.9999999999998,90.0
5.492,89.82,90.0,0.0,0,0,-0.17172744612714563,0,-5.061955304964779,89.31974923947575,1999.9999999999998,90.0
5.496,89.82,90.0,0.0,0,0,-0.17162598166466392,0,-5.059285616655857,89.31995572885589,1999.9999999999998,90.0
5.5,89.82,90.0,0.0,0,0,-0.17152485931000827,0,-5.0563696917862595,89.32017738029585,1999.9999999999998,90.0
5.504,89.82,90.0,0.0,0,0,-0.17142327098089982,0,-5.053287932558748,89.32041473458831,1999.9999999999998,90.0
5.508,89.82,90.0,0.0,0,0,-0.17132201886120635,0,-5.050052799196103,89.32067037574062,1999.9999999999998,90.0
5.513,89.82,90.0,0.0,0,0,-0.17122009432268293,0,-5.0467933778873055,89.32093849540492,1999.9999999999998,90.0
5.517,89.82,90.0,0.0,0,0,-0.17111946153612267,0,-5.043477475322838,89.32122130708333,1999.9999999999998,90.0
5.521,89.82,90.0,0.0,0,0,-0.17101830379100225,0,-5.040151048287689,89.321515812649,1999.9999999999998,90.0
5.525,89.82,90.0,0.0,0,0,-0.17091691600786074,0,-5.036586223291299,89.32183735717076,1999.9999999999998,90.0
5.529,89.82,90.0,0.0,0,0,-0.17080928770609916,0,-5.0336612897999045,89.32212307119485,1999.9999999999998,90.0
5.533,89.82,90.0,0.0,0,0,-0.17071596894892416,0,-5.03028661955935,89.32244689259477,1999.9999999999998,90.0
5.537,89.82,90.0,0.0,0,0,-0.1706104463798157,0,-5.027258933547487,89.32275118397354,1999.9999999999998,90.0
5.541,89.82,90.0,0.0,0,0,-0.17051200780207143,0,-5.0240577391981365,89.32307147975911,1999.9999999999998,90.0
5.546,89.82,90.0,0.0,0,0,-0.1704079303436079,0,-5.021046858777794,89.32337985403902,1999.9999999999998,90.0
5.549,89.82,90.0,0.0,0,0,-0.17030736833797766,0,-5.017818209175299,89.32370541560982,1999.9999999999998,90.0
5.554,89.82,90.0,0.0,0,0,-0.17020022960431191,0,-5.01517755163549,89.32398562609566,1999.9999999999998,90.0
5.558,89.82,90.0,0.0,0,0,-0.1701074888913947,0,-5.012011971973629,89.32430370059295,1999.9999999999998,90.0
5.562,89.82,90.0,0.0,0,0,-0.17000050351640938,0,-5.009032826177312,89.32460731187184,1999.9999999999998,90.0
5.566,89.82,90.0,0.0,0,0,-0.16989789476223338,0,-5.006215960209639,89.3248965002333,1999.9999999999998,90.0
5.57,89.82,90.0,0.0,0,0,-0.16979936770832715,0,-5.003333264715543,89.32518794892371,1999.9999999999998,90.0
5.574,89.82,90.0,0.0,0,0,-0.16969912421687994,0,-5.000346960730113,89.3254850448108,1999.9999999999998,90.0
5.578,89.82,90.0,0.0,0,0,-0.16959632671355873,0,-4.997525580056081,89.3257683346125,1999.9999999999998,90.0
5.582,89.82,90.0,0.0,0,0,-0.16949810047860314,0,-4.994230450013607,89.32608470386523,1999.9999999999998,90.0
5.586,89.82,90.0,0.0,0,0,-0.1693879417586106,0,-4.991562186344619,89.32635566879868,1999.9999999999998,90.0
5.59,89.82,90.0,0.0,0,0,-0.16929429269043084,0,-4.988626496006872,89.32664450936673,1999.9999999999998,90.0
5.594,89.82,90.0,0.0,0,0,-0.16919380736414125,0,-4.985664211388458,89.32693475190722,1999.9999999999998,90.0
5.599,89.82,90.0,0.0,0,0,-0.16909290325068493,0,-4.982725313582302,89.32722306533083,1999.9999999999998,90.0
5.603,89.82,90.0,0.0,0,0,-0.16899284260997183,0,-4.979595220956317,89.32752541533598,1999.9999999999998,90.0
5.607,89.82,90.0,0.0,0,0,-0.16888805734221268,0,-4.9766462045871975,89.32781568985014,1999.9999999999998,90.0
5.611,89.82,90.0,0.0,0,0,-0.16878800849832176,0,-4.973694282080006,89.32810618293063,1999.9999999999998,90.0
5.615,89.82,90.0,0.0,0,0,-0.168687941959198,0,-4.970128451372631,89.3284414596152,1999.9999999999998,90.0
